<?xml version="1.0" encoding="UTF-8"?>
<!DOCTYPE suite SYSTEM "https://testng.org/testng-1.0.dtd">
<suite name="Suite" parallel="tests">
  <test thread-count="5" name="Browser Parallel Test">
	  
    <classes>
      <class name="com.testngpractice.ParallelTestExample"/>
    </classes>
  </test>
  <test thread-count="5" name="Priority Example">
	  
    <classes>
      <class name="com.testngpractice.SetPriorityExample"/>
    </classes>
  </test>
  
   <!-- Test -->
</suite> <!-- Suite -->