<?xml version="1.0" encoding="UTF-8"?>
<!DOCTYPE suite SYSTEM "https://testng.org/testng-1.0.dtd">
<suite name="Suite">
	<listeners>
      <listener class-name="org.uncommons.reportng.HTMLReporter"/>
      <listener class-name="org.uncommons.reportng.JUnitXMLReporter"/>
  </listeners>
  <test thread-count="5" name="Test">
    <classes>
      <class name="com.testngpractice.FirstTestNGProgr"/>
      <class name="com.testngpractice.WebDriverex"/>
      <class name="com.testngpractice.TestngAnnotations"/>
    </classes>
  </test> <!-- Test -->
</suite> <!-- Suite -->
